﻿Post number,Section,Body,Attachment,Attachment alternative text,Author,Created At,Updated At
1,The major focuses are :,"",https://www.freeimageslive.co.uk/files/images006/focus.jpg,focus,Sayantani Mondal (mondalsayantani508),2024-05-08 18:42:19 UTC,2024-05-08 18:42:19 UTC
2,Data Security,"Data security focuses on safeguarding data from unauthorized access, disclosure, alteration, or destruction. This includes implementing encryption, access controls, authentication mechanisms, and other security measures to prevent data breaches and cyber-attacks. Security measures are essential for maintaining the trust of users and complying with regulatory requirements.",https://images.unsplash.com/photo-1508345228704-935cc84bf5e2?crop=entropy&cs=srgb&fm=jpg&ixid=M3w3ODI2fDB8MXxzZWFyY2h8Mnx8bG9ja3xlbnwxfHx8fDE3MTUxODMzMjJ8MA&ixlib=rb-4.0.3&q=85,lock,Sayantani Mondal (mondalsayantani508),2024-05-08 18:35:00 UTC,2024-05-08 18:35:00 UTC
3,Data Privacy,"This involves protecting the confidentiality, integrity, and availability of sensitive data. Privacy concerns often arise due to the potential misuse or unauthorized access to personal or sensitive information. Data privacy measures aim to ensure that individuals have control over their data and that it is only used for intended purposes.",https://pix4free.org/assets/library/2021-06-16/originals/privacy.jpg,privacy,Sayantani Mondal (mondalsayantani508),2024-05-08 18:35:58 UTC,2024-05-08 18:35:58 UTC
4,Accessibility,Data accessibility refers to the ease with which users can access and retrieve data within the analytics platform. Accessibility is crucial for users to derive insights and make informed decisions based on data analysis. Complex access procedures or cumbersome interfaces can hinder users' ability to utilize the platform effectively,https://images.unsplash.com/photo-1574887467771-684837ef363a?crop=entropy&cs=srgb&fm=jpg&ixid=M3w3ODI2fDB8MXxzZWFyY2h8N3x8YWNjZXNzaWJpbGl0eXxlbnwxfHx8fDE3MTUxMjM2MTV8MA&ixlib=rb-4.0.3&q=85,accessibility,Sayantani Mondal (mondalsayantani508),2024-05-08 18:37:24 UTC,2024-05-08 18:37:24 UTC
5,Ease of use,"Ease of use involves designing intuitive interfaces and tools that enable users to interact with data analytics platforms efficiently and effectively. User-friendly features, such as drag-and-drop interfaces, customizable dashboards, and interactive visualizations, can enhance the user experience and increase user adoption.",https://images.unsplash.com/photo-1532356884227-66d7c0e9e4c2?crop=entropy&cs=srgb&fm=jpg&ixid=M3w3ODI2fDB8MXxzZWFyY2h8MXx8dXNlfGVufDF8fHx8MTcxNTE5MzQ3M3ww&ixlib=rb-4.0.3&q=85,use,Sayantani Mondal (mondalsayantani508),2024-05-08 18:38:05 UTC,2024-05-08 18:38:05 UTC
