﻿Title,Should data analytics platforms prioritize data privacy and security over data accessibility and ease of use for users?
Description,"Balancing data privacy and security with data accessibility and ease of use is crucial for any data analytics platform. While it's essential to prioritize data privacy and security to protect users' sensitive information and maintain trust, accessibility and ease of use are also important factors for users to derive value from the platform effectively."
Link,https://padlet.com/mondalsayantani508/should-data-analytics-platforms-prioritize-data-privacy-and--iio47f235e8pjebc
Builder,Sayantani Mondal (mondalsayantani508)
Created At,2024-05-08 18:15:35 UTC
